model,seed,accuracy,pvalue
RandomForest,2023,0.48,0.69307
GradientBoosting,2023,0.48,0.65347
KNN,2023,0.67,0.20792
RandomForest,42,0.47,0.54455
GradientBoosting,42,0.52,0.42574
KNN,42,0.61,0.18812
RandomForest,31415,0.47,0.67327
GradientBoosting,31415,0.47,0.59406
KNN,31415,0.61,0.22772
RandomForest,98765,0.39,0.81188
GradientBoosting,98765,0.38,0.85149
KNN,98765,0.49,0.53465
RandomForest,123,0.27,0.9703
GradientBoosting,123,0.27,0.9703
KNN,123,0.55,0.38614
